,count,mean,std,min,25%,50%,75%,max
longitude,20640.0,-119.56970445736432,2.003531723502581,-124.35,-121.8,-118.49,-118.01,-114.31
latitude,20640.0,35.63186143410853,2.1359523974571117,32.54,33.93,34.26,37.71,41.95
housing_median_age,20640.0,28.639486434108527,12.585557612111637,1.0,18.0,29.0,37.0,52.0
total_rooms,20640.0,2635.7630813953488,2181.615251582787,2.0,1447.75,2127.0,3148.0,39320.0
total_bedrooms,20433.0,537.8705525375618,421.3850700740322,1.0,296.0,435.0,647.0,6445.0
population,20640.0,1425.4767441860465,1132.4621217653375,3.0,787.0,1166.0,1725.0,35682.0
households,20640.0,499.5396802325581,382.3297528316099,1.0,280.0,409.0,605.0,6082.0
median_income,20640.0,3.8706710029069766,1.8998217179452732,0.4999,2.5633999999999997,3.5347999999999997,4.74325,15.0001
median_house_value,20640.0,206855.81690891474,115395.6158744132,14999.0,119600.0,179700.0,264725.0,500001.0
