cat_renda,count
3,0.3505329457364341
2,0.3187984496124031
4,0.17635658914728683
5,0.11434108527131782
1,0.03997093023255814
