cat_renda,Geral,Estratificado,Aleatório,Ale. %erro,Estrat. %erro
1,0.039825581395348836,0.03997093023255814,0.040213178294573645,0.9732360097323749,0.3649635036496477
2,0.3188468992248062,0.3187984496124031,0.3243701550387597,1.7322595350250793,-0.015195259079149537
3,0.3505813953488372,0.3505329457364341,0.35852713178294576,2.2664455500276546,-0.013819789939176985
4,0.17630813953488372,0.17635658914728683,0.16739341085271317,-5.056334157735648,0.02748007694421517
5,0.11443798449612404,0.11434108527131782,0.10949612403100775,-4.318374259102455,-0.08467400508045841
